first name,middle name,last name,nickname,email,password,home address,date of birth
Andy,Percy,Elliot,Ando,123andyelliot@gmail.com,password123,108 Springfield Road,1987-04-12
Henry,Andy,Bryson,Harry,harry@gmail.com,goodpassword,31 Clyde Road,2020-01-01
Kirsty,Andy,Williams,Big K,catsarecool@gmail.com,biggestcatlover,18 Ilam Road,2011-08-27
Mildred,Rachel,Mcdonald,Millie,mildred.mcdonald@gmail.com,mildredmcdonald123,44 Mowbray Street,2020-01-01
Carl,Karl,Defoe,Andy,carl@gmail.com,carl1234,1 Dunders Street,2020-01-01
Edith,Petra,Andy,Eddy,andy.robinson@gmail.com,edithrobinson123,92 Edgeware Road,2001-03-17
Donna,Andy,Frank,Nana,donna-frank@gmail.com,francesfrank123,134 Ferrymead Street,2020-01-01
Andy,Peter,Graham,Jerry,andy.graham@gmail.com,georgegraham123,1 Gordon Street,2020-01-01