Aaron,Erin,Ronnie,Ron
Abbigail,Nabby,Abby,Gail,Abbi,Abbey
Abednego,Bedney
Abel,Ebbie,Ab,Abe,Eb
Abiel,Ab
Abigail,Nabby,Abby,Gail
Abijah,Ab,Bige
Abner,Ab
Abraham,Ab,Abe
Abram,Ab,Abe
Absalom,App,Ab,Abbie
Ada,Addy
Adaline,Delia,Lena,Dell,Addy,Ada
Addison,Addie,Addy
Adela,Della
Adelaide,Heidi,Adele,Dell,Addy,Della
Adelbert,Del,Albert,Delbert,Bert
Adele,Addy,Dell
Adeline,Delia,Lena,Dell,Addy,Ada
Adelphia,Philly,Delphia,Adele,Dell,Addy
Adolphus,Dolph,Ado,Adolph
Adrian,Rian
Adriane,Riane
Adrienne,Addie,Rienne,Enne
Agatha,Aggy
Agnes,Inez,Aggy,Nessa
Aileen,Lena,Allie
Alan,Al
Alanson,Al,Lanson
Alastair,Al
Alazama,Ali
Albert,Bert,Al
Alberta,Bert,Allie,Bertie
Aldo,Al
Aldrich,Riche,Rich
Aleksandr,Alex,Alek
Aleva,Levy,Leve
Alex,Al
Alexander,Alex,Al,Sandy,Alec
Alexandra,Alex,Sandy,Alla,Sandra
Alexandria,Drina,Alexander,Alla,Sandra
Alexis,Lexi
Alfonse,Al
Alfred,Freddy,Al,Fred
Alfreda,Freddy,Alfy,Freda,Frieda
Algernon,Algy
Alice,Lisa,Elsie,Allie
Alicia,Lisa,Elsie,Allie
Aline,Adeline
Alison,Ali,Allie
Alixandra,Alix
Allan,Al
Allen,Al
Allisandra,Allie
Allison,Ali,Allie
Allyson,Ally,Allie
Allyssa,Ally,Allie
Almena,Mena,Allie
Almina,Minnie
Almira,Myra
Alonzo,Lon,Al,Lonzo
Alphinias,Alphus
Althea,Ally
Alverta,Virdie,Vert
Alyssa,Lissia,Al,Ally
Alzada,Zada
Amanda,Mandy,Manda
Ambrose,Brose
Amelia,Amy,Mel,Millie,Emily
Amos,Moses
Anastasia,Ana,Stacy
Anderson,Andy
Andre,Drea
Andrea,Drea,Rea,Andrew
Andrew,Andy,Drew
Andriane,Ada,Adri,Rienne
Angela,Angel,Angie
Angelica,Angie,Angel
Angelina,Angel,Angie,Lina
Ann,Annie,Nan
Anna,Anne,Ann,Annie,Nan
Anne,Annie,Ann,Nan
Annette,Anna,Nettie
Annie,Ann,Anna
Anselm,Ansel,Selma,Anse,Ance
Anthony,Ant,Tony
Antoinette,Tony,Netta,Ann
Antonia,Tony,Netta,Ann
Antonio,Ant,Tony
Appoline,Appy,Appie
Aquilla,Quil,Quillie
Ara,Belle,Arry
Arabella,Ara,Bella,Arry,Belle
Arabelle,Ara,Bella,Arry,Belle
Araminta,Armida,Middie,Ruminta,Minty
Archibald,Archie
Archilles,Kill,Killis
Ariadne,Arie,Ari
Arielle,Arie
Aristotle,Telly
Arizona,Onie,Ona
Arlene,Arly,Lena
Armanda,Mandy
Armena,Mena,Arry
Armilda,Milly
Arminda,Mindie
Arminta,Minite,Minnie
Arnold,Arnie
Aron,Erin,Ronnie,Ron
Artelepsa,Epsey
Artemus,Art
Arthur,Art
Arthusa,Thursa
Arzada,Zaddi
Asahel,Asa
Asaph,Asa
Asenath,Sene,Assene,Natty
Ashley,Ash,Leah,Lee
Aubrey,Bree
Audrey,Dee
August,Gus
Augusta,Tina,Aggy,Gatsy,Gussie
Augustina,Tina,Aggy,Gatsy,Gussie
Augustine,Gus,Austin,August
Augustus,Gus,Austin,August
Aurelia,Ree,Rilly,Orilla,Aurilla,Ora
Avarilla,Rilla
Azariah,Riah,Aze
Bab,Barby
Babs,Barby,Barbara,Bab
Barbara,Barby,Babs,Bab,Bobbie
Barbery,Barbara
Barbie,Barbara
Barnabas,Barney
Barney,Barnabas
Bart,Bartholomew
Bartholomew,Bartel,Bat,Meus,Bart,Mees
Barticus,Bart
Bazaleel,Basil
Bea,Beatrice
Beatrice,Bea,Trisha,Trixie,Trix
Becca,Beck
Beck,Becky
Bedelia,Delia,Bridgit
Belinda,Belle,Linda
Bella,Belle,Arabella,Isabella
Benedict,Bennie,Ben
Benjamin,Benjy,Jamie,Bennie,Ben,Benny
Benjy,Benjamin
Bernard,Barney,Bernie,Berney
Berney,Bernie
Bert,Bertie,Bob,Bobby
Bertha,Bert,Birdie,Bertie
Bertram,Bert
Bess,Bessie
Beth,Betsy,Betty,Elizabeth
Bethena,Beth,Thaney
Beverly,Bev
Bezaleel,Zeely
Biddie,Biddy
Bill,William,Billy,Robert,Willie,Fred
Billy,William,Robert,Fred
Blanche,Bea
Bob,Rob,Robert
Bobby,Rob,Bob
Boetius,Bo
Brad,Bradford,Ford
Bradford,Ford,Brad
Bradley,Brad
Brady,Brody
Breanna,Bree,Bri
Breeanna,Bree
Brenda,Brandy
Brian,Bryan,Bryant
Brianna,Bri
Bridget,Bridie,Biddy,Bridgie,Biddie
Brittany,Britt
Brittney,Britt
Broderick,Ricky,Brody,Brady,Rick
Caitlin,Cait,Caity
Caitlyn,Cait,Caity
Caldonia,Calliedona
Caleb,Cal
California,Callie
Calista,Kissy
Calpurnia,Cally
Calvin,Vin,Vinny,Cal
Cameron,Ron,Cam,Ronny
Camille,Millie,Cammie
Campbell,Cam
Candace,Candy,Dacey
Carlotta,Lottie
Carlton,Carl
Carmellia,Mellia
Carmelo,Melo
Carmon,Charm,Cammie,Carm
Carol,Lynn,Carrie,Carolann,Cassie,Caroline,Carole
Carolann,Carol,Carole
Caroline,Lynn,Carol,Carrie,Cassie,Carole
Carolyn,Lynn,Carrie,Cassie
Carrie,Cassie
Carthaette,Etta,Etty
Casey,K.c.
Casper,Jasper
Cassandra,Sandy,Cassie,Sandra
Cassidy,Cassie,Cass
Caswell,Cass
Catherine,Kathy,Katy,Lena,Kittie,Kit,Trina,Cathy,Kay,Cassie
Cathleen,Kathy,Katy,Lena,Kittie,Kit,Trina,Cathy,Kay,Cassie
Cathy,Kathy,Cathleen,Catherine
Cecilia,Cissy,Celia
Cedric,Ced,Rick,Ricky
Celeste,Lessie,Celia
Celinda,Linda,Lynn,Lindy
Charity,Chat
Charles,Charlie,Chuck,Carl,Chick
Charlie,Charles,Chuck
Charlotte,Char,Sherry,Lottie,Lotta
Chauncey,Chan
Cheryl,Cher
Chesley,Chet
Chester,Chet
Chet,Chester
Chick,Charlotte,Caroline,Chuck
Chloe,Clo
Chris,Christina,Christopher,Christine
Christa,Chris
Christian,Chris,Kit
Christiana,Kris,Kristy,Ann,Tina,Christy,Chris,Crissy
Christiano,Chris
Christina,Kris,Kristy,Tina,Christy,Chris,Crissy
Christine,Kris,Kristy,Chrissy,Tina,Chris,Crissy
Christoph,Chris
Christopher,Chris,Kit
Christy,Crissy
Cicely,Cilla
Cinderella,Arilla,Rella,Cindy,Rilla
Cindy,Cinderella
Claire,Clair,Clare,Clara
Clara,Clarissa
Clare,Clara
Clarence,Clare,Clair
Clarinda,Clara
Clarissa,Cissy,Clara
Claudia,Claud
Cleatus,Cleat
Clement,Clem
Clementine,Clement,Clem
Cliff,Clifford,Cliff
Clifford,Ford,Cliff
Clifton,Tony,Cliff
Cole,Colie
Columbus,Clum
Con,Conny
Conrad,Conny,Con
Constance,Connie
Cordelia,Cordy,Delia
Corey,Coco,Cordy,Ree
Corinne,Cora,Ora
Cornelia,Nelly,Cornie,Nelia,Corny,Nelle
Cornelius,Conny,Niel,Corny,Con
Cory,Coco,Cordy,Ree
Courtney,Curt,Court
Crystal,Chris,Tal,Stal,Crys
Curtis,Curt
Cynthia,Cintha,Cindy
Cyrenius,Swene,Cy,Serene,Renius,Cene
Cyrus,Cy
Dahl,Dal
Dalton,Dahl,Dal
Daniel,Dan,Danny,Dann
Danielle,Ellie,Dani
Danny,Daniel
Daphne,Daph,Daphie
Darlene,Lena,Darry
David,Dave,Day,Davey
Deanne,Ann,Dee
Debbie,Deb,Debra,Deborah,Debby
Debby,Deb
Debora,Deb,Debbie,Debby
Deborah,Deb,Debbie,Debby
Debra,Deb,Debbie
Deidre,Deedee
Delbert,Bert,Del
Delia,Fidelia,Cordelia,Delius
Delilah,Lil,Lila,Dell,Della
Deliverance,Delly,Dilly,Della
Della,Adela,Delilah,Adelaide,Dell
Delores,Lolly,Lola,Della,Dee,Dell
Delpha,Philadelphia
Delphine,Delphi,Del,Delf
Demaris,Dea,Maris,Mary
Demerias,Dea,Maris,Mary
Democrates,Mock
Dennis,Denny
Dennison,Denny
Derrick,Ricky,Eric,Rick
Deuteronomy,Duty
Diana,Dicey,Didi,Di
Diane,Dicey,Didi,Di
Dicey,Dicie
Dick,Rick,Richard
Dickson,Dick
Domenic,Dom
Dominic,Dom
Dominick,Dom
Donald,Dony,Donnie,Don,Donny
Donovan,Dony,Donnie,Don,Donny
Dorcus,Darkey
Dorinda,Dorothea,Dora
Doris,Dora
Dorothea,Doda,Dora
Dorothy,Dortha,Dolly,Dot,Dotty
Dotha,Dotty
Dotty,Dot
Douglas,Doug
Drusilla,Silla
Duncan,Dunk
Earnest,Ernestine,Ernie
Ebbie,Eb
Ebenezer,Ebbie,Eben,Eb
Eddie,Ed
Eddy,Ed
Edgar,Ed,Eddie,Eddy
Edith,Edie,Edye
Edmond,Ed,Eddie,Eddy
Edmund,Ed,Eddie,Ted,Eddy,Ned
Edna,Edny
Eduardo,Ed,Eddie,Eddy
Edward,Teddy,Ed,Ned,Ted,Eddy,Eddie
Edwin,Ed,Eddie,Win,Eddy,Ned
Edwina,Edwin
Edyth,Edie,Edye
Edythe,Edie,Edye
Egbert,Bert,Burt
Eighta,Athy
Eileen,Helen
Elaine,Lainie,Helen
Elbert,Albert
Elbertson,Elbert,Bert
Eleanor,Lanna,Nora,Nelly,Ellie,Elaine,Ellen,Lenora
Eleazer,Lazar
Elena,Helen
Elias,Eli,Lee,Lias
Elijah,Lige,Eli
Eliphalel,Life
Eliphalet,Left
Elisa,Lisa
Elisha,Lish,Eli
Eliza,Elizabeth
Elizabeth,Libby,Lisa,Lib,Lizzy,Lizzie,Eliza,Betsy,Liza,Betty,Bessie,Bess,Beth,Liz
Ella,Ellen
Ellen,Nellie,Nell,Helen
Ellender,Nellie,Ellen,Helen
Ellie,Elly
Ellswood,Elsey
Elminie,Minnie
Elmira,Ellie,Elly,Mira
Elnora,Nora
Eloise,Heloise,Louise
Elouise,Louise
Elsie,Elsey
Elswood,Elsey
Elvira,Elvie
Elwood,Woody
Elysia,Lisa
Elze,Elsey
Emanuel,Manuel,Manny
Emeline,Em,Emmy,Emma,Milly,Emily
Emil,Emily
Emily,Emmy,Millie,Emma,Mel
Emma,Emmy
Epaphroditius,Dite,Ditus,Eppa,Dyche,Dyce
Ephraim,Eph
Erasmus,Raze,Rasmus
Eric,Rick,Ricky
Ernest,Ernie
Ernestine,Teeny,Ernest,Tina,Erna
Erwin,Irwin
Eseneth,Senie
Essy,Es
Estella,Essy,Stella
Estelle,Essy,Stella
Esther,Hester,Essie
Eudicy,Dicey
Eudora,Dora
Eudoris,Dossie,Dosie
Eugene,Gene
Eunice,Nicie
Euphemia,Effie,Effy
Eurydice,Dicey
Eustacia,Stacia,Stacy
Eva,Eve
Evaline,Eva,Lena,Eve
Evangeline,Ev,Evan,Vangie
Evelyn,Evelina,Ev,Eve
Experience,Exie
Ezekiel,Zeke,Ez
Ezideen,Ez
Ezra,Ez
Faith,Fay
Felicia,Fel,Felix,Feli
Felicity,Flick,Tick
Feltie,Felty
Ferdinand,Freddie,Freddy,Ferdie,Fred
Ferdinando,Nando,Ferdie,Fred
Fidelia,Delia
Flo,Florence
Flora,Florence
Florence,Flossy,Flora,Flo
Floyd,Lloyd
Fran,Frannie
Frances,Sis,Cissy,Frankie,Franniey,Fran,Francie,Frannie,Fanny
Francie,Francine
Francine,Franniey,Fran,Frannie,Francie
Francis,Fran,Frankie,Frank
Frank,Franklin
Frankie,Frank,Francis
Franklin,Fran,Frank
Franklind,Frank
Freda,Frieda
Frederica,Frederick,Freddy
Frederick,Freddie,Freddy,Fritz,Fred
Fredericka,Freddy,Ricka,Freda,Frieda
Frieda,Freddie,Freddy,Fred
Gabriel,Gabe,Gabby
Gabriella,Ella,Gabby
Gabrielle,Ella,Gabby
Garrick,Garri
Genevieve,Jean,Eve,Jenny
Geoffrey,Geoff,Jeff
George,Georgie
Georgiana,Georgia
Gerald,Gerry,Jerry
Geraldine,Gerry,Gerrie,Jerry,Dina
Gerhardt,Gay
Gertie,Gertrude,Gert
Gertrude,Gertie,Gert,Trudy
Gilbert,Bert,Gil,Wilber
Giovanni,Gio
Gloria,Glory
Governor,Govie
Greenberry,Green,Berry
Greggory,Gregg
Gregory,Greg,Gory
Gretchen,Margaret
Griselda,Grissel
Gum,Monty
Gus,Gussie
Gustavus,Gus,Gussie
Gwen,Wendy
Gwendolyn,Gwen,Wendy
Hamilton,Ham
Hannah,Nan,Nanny,Anna
Harold,Hal,Harry
Harriet,Hattie
Harry,Harold,Henry
Haseltine,Hassie
Heather,Hetty
Helen,Lena,Ella,Ellen,Ellie
Helena,Eileen,Lena,Nell,Nellie,Eleanor,Elaine,Ellen,Aileen
Helene,Lena,Ella,Ellen,Ellie
Heloise,Lois,Eloise,Elouise
Henrietta,Hank,Etta,Etty,Retta,Nettie
Henry,Hank,Hal,Harry
Hephsibah,Hipsie
Hepsibah,Hipsie
Herbert,Bert,Herb
Herman,Harman,Dutch
Hermione,Hermie
Hester,Hessy,Esther,Hetty
Hezekiah,Hy,Hez,Kiah
Hiram,Hy
Honora,Honey,Nora,Norry,Norah
Hopkins,Hopp,Hop
Horace,Horry
Hortense,Harty,Tensey
Hosea,Hosey,Hosie
Howard,Hal,Howie
Hubert,Bert,Hugh,Hub
Ian,John
Ignatius,Natius,Iggy,Nate,Nace
Ignatzio,Naz,Iggy,Nace
Immanuel,Manuel,Emmanuel
India,Indie,Indy
Inez,Agnes
Iona,Onnie
Irene,Rena
Irvin,Irving
Irving,Irv
Irwin,Erwin
Isaac,Ike,Zeke
Isabel,Tibbie,Bell,Nib,Belle,Bella,Nibby,Ib,Issy
Isabella,Tibbie,Nib,Belle,Bella,Nibby,Ib,Issy
Isabelle,Tibbie,Nib,Belle,Bella,Nibby,Ib,Issy
Isadora,Issy,Dora
Isaiah,Zadie,Zay
Isidore,Izzy
Iva,Ivy
Ivan,John
Jackson,Jack
Jacob,Jaap,Jake,Jay
Jacobus,Jacob
Jacqueline,Jackie,Jack
Jahoda,Hody,Hodie,Hoda
Jakob,Jake
James,Jimmy,Jim,Jamie,Jimmie,Jem
Jamie,James
Jane,Janie,Jessie,Jean,Jennie
Janet,Jan,Jessie
Janice,Jan
Jannett,Nettie
Jasper,Jap,Casper
Jayme,Jay
Jean,Jane,Jeannie
Jeanette,Jessie,Jean,Janet,Nettie
Jeanne,Jane,Jeannie
Jebadiah,Jeb
Jedediah,Dyer,Jed,Diah
Jedidiah,Dyer,Jed,Diah
Jefferey,Jeff
Jefferson,Sonny,Jeff
Jeffery,Jeff
Jeffrey,Geoff,Jeff
Jehiel,Hiel
Jehu,Hugh,Gee
Jemima,Mima
Jennet,Jessie,Jenny,Jenn
Jennifer,Jennie,Jenn,Jen,Jenny
Jeremiah,Jereme,Jerry
Jeremy,Jezza,Jez
Jerita,Rita
Jerry,Jereme,Geraldine
Jessica,Jessie
Jessie,Jane,Jess,Janet
Jim,Jimmie
Jincy,Jane
Jinsy,Jane
Joan,Jo,Nonie
Joann,Jo
Joanna,Hannah,Jody,Jo,Joan
Joanne,Jo
Jody,Jo
Joe,Joey
Johanna,Jo
Johannah,Hannah,Jody,Joan,Nonie
Johannes,Jonathan,John,Johnny
John,Jack,Johnny,Jock,Ian
Jonathan,John,Nathan,Jon,Jonny,Jonnie
Jonathon,Jon,Jonny,Jonnie
Joseph,Jody,Jos,Joe,Joey
Josephine,Fina,Jody,Jo,Josey,Joey,Josie
Josetta,Jettie
Josey,Josophine
Joshua,Jos,Josh
Josiah,Jos
Joyce,Joy
Juanita,Nita,Nettie
Judah,Juder,Jude
Judith,Judie,Juda,Judy,Judi,Jude
Judson,Sonny,Jud
Judy,Judith
Julia,Julie,Jill
Julian,Jule
Julias,Jule
Julie,Julia,Jule
June,Junius
Junior,Junie,June,Jr
Justin,Justus,Justina
Kaitlin,Kait,Kaitie
Kaitlyn,Kait,Kaitie
Kaitlynn,Kait,Kaitie
Kameron,Kam
Karonhappuck,Karon,Karen,Carrie,Happy
Kasey,K.c.
Katarina,Catherine,Tina
Kate,Kay
Katelin,Kay,Kate,Kaye
Katelyn,Kay,Kate,Kaye
Katherine,Kathy,Katy,Lena,Kittie,Kaye,Kit,Trina,Cathy,Kay,Kate,Cassie
Kathleen,Kathy,Katy,Lena,Kittie,Kit,Trina,Cathy,Kay,Cassie
Kathryn,Kathy,Katie
Katy,Kathy,Katie
Kayla,Kay
Kendall,Ken,Kenny
Kendra,Kenj,Kenji,Kay,Kenny
Kendrick,Ken,Kenny
Kendrik,Ken,Kenny
Kenneth,Ken,Kenny,Kendrick
Kenny,Ken,Kenneth
Kent,Ken,Kenny,Kendrick
Keziah,Kizza,Kizzie
Kim,Kimberly,Kimberley
Kimberley,Kim
Kimberly,Kim
Kingsley,King
Kingston,King
Kit,Kittie
Kris,Chris
Kristel,Kris
Kristen,Chris
Kristin,Chris
Kristine,Kris,Kristy,Tina,Christy,Chris,Crissy
Kristopher,Chris,Kris
Kristy,Chris
Lafayette,Laffie,Fate
Lamont,Monty
Laodicia,Dicy,Cenia
Larry,Laurence,Lawrence
Lauren,Ren,Laurie
Laurence,Lorry,Larry,Lon,Lonny,Lorne
Laurinda,Laura,Lawrence
Lauryn,Laurie
Laveda,Veda
Laverne,Vernon,Verna
Lavina,Vina,Viney,Ina
Lavinia,Vina,Viney,Ina
Lavonia,Vina,Vonnie,Wyncha,Viney
Lavonne,Von
Lawrence,Lorry,Larry,Lon,Lonny,Lorne
Leanne,Lea,Annie
Lecurgus,Curg
Lemuel,Lem
Lena,Ellen
Lenora,Nora,Lee
Leo,Leon
Leonard,Lineau,Leo,Leon,Len,Lenny
Leonidas,Lee,Leon
Leonora,Nora,Nell,Nellie
Leonore,Nora,Honor,Elenor
Leroy,Roy,Lee,L.r.
Leslie,Les
Lester,Les
Letitia,Tish,Titia,Lettice,Lettie
Levi,Lee
Levicy,Vicy
Levone,Von
Lib,Libby
Lidia,Lyddy
Lil,Lilly,Lily
Lillah,Lil,Lilly,Lily,Lolly
Lillian,Lil,Lilly,Lolly
Lilly,Lily,Lil
Lincoln,Link
Linda,Lindy,Lynn
Lindy,Lynn
Lionel,Leon
Lisa,Liz
Littleberry,Little,Berry,L.b.
Lizzie,Liz
Lois,Lou,Louise
Lonzo,Lon
Lorenzo,Loren
Loretta,Etta,Lorrie,Retta
Lorraine,Lorrie
Lotta,Lottie
Lou,Louis,Lu
Louis,Lewis,Louise,Louie,Lou
Louisa,Eliza,Lou,Lois
Louise,Eliza,Lou,Lois
Louvinia,Vina,Vonnie,Wyncha,Viney
Lucas,Luke
Lucia,Lucy,Lucius
Lucias,Luke
Lucille,Cille,Lu,Lucy,Lou
Lucina,Sinah
Lucinda,Lu,Lucy,Cindy,Lou
Lucretia,Creasey
Lucy,Lucinda
Luella,Lula,Ella,Lu
Luke,Lucas
Lunetta,Nettie
Lurana,Lura
Luther,Luke
Lydia,Lyddy
Lyndon,Lindy,Lynn
Mabel,Mehitabel,Amabel
Mac,Mc
Mack,Mac,Mc
Mackenzie,Kenzy,Mac,Mack
Maddison,Maddie,Maddi
Maddy,Madelyn,Madeline,Madge
Madeline,Maggie,Lena,Magda,Maddy,Madge
Madeline,Maddie,Maddi
Madie,Madeline,Madelyn
Madison,Mattie,Maddy
Maegen,Meg
Magdalena,Maggie,Lena
Magdelina,Lena,Magda,Madge
Mahala,Hallie
Makayla,Kayla
Malachi,Mally
Malcolm,Mac,Mal,Malc
Malinda,Lindy
Manda,Mandy
Mandie,Amanda
Mandy,Amanda
Manerva,Minerva,Nervie,Eve,Nerva
Manny,Manuel
Manoah,Noah
Manola,Nonnie
Manuel,Emanuel,Manny
Marcus,Mark
Margaret,Maggie,Meg,Peg,Midge,Margy,Margie,Madge,Peggy,Maggy,Marge,Daisy,Margery,Gretta,Rita
Margaretta,Maggie,Meg,Peg,Midge,Margie,Madge,Peggy,Marge,Daisy,Margery,Gretta,Rita
Margarita,Maggie,Meg,Metta,Midge,Greta,Megan,Maisie,Madge,Marge,Daisy,Peggie,Rita,Margo
Marge,Margery,Margaret,Margaretta
Margie,Marjorie,Margie
Marguerite,Peggy
Mariah,Mary,Maria
Marian,Marianna,Marion
Marie,Mae
Marietta,Mariah,Mercy,Polly,May,Molly,Mitzi,Minnie,Mollie,Mae,Maureen,Marion,Marie,Mamie,Mary,Maria
Marilyn,Mary
Marion,Mary
Marissa,Rissa
Marjorie,Margie
Marjorie,Margy,Margie
Marsha,Marcie,Mary
Martha,Marty,Mattie,Mat,Patsy,Patty
Martin,Marty
Martina,Tina
Martine,Tine
Marv,Marvin
Marvin,Marv
Mary,Mamie,Molly,Mae,Polly,Mitzi
Masayuki,Masa
Mat,Mattie
Mathew,Mat,Maty
Mathilda,Tillie,Patty
Matilda,Tilly,Maud,Matty
Matthew,Thys,Matt,Thias,Mattie,Matty
Matthias,Thys,Matt,Thias
Maud,Middy
Maureen,Mary
Maurice,Morey
Mavery,Mave
Mavine,Mave
Maximillian,Max
Maxine,Max
Maxwell,Max
May,Mae
Mckenna,Ken,Kenna,Meaka
Medora,Dora
Megan,Meg
Meghan,Meg
Mehitabel,Hetty,Mitty,Mabel,Hitty
Melanie,Mellie
Melchizedek,Zadock,Dick
Melinda,Linda,Mel,Lynn,Mindy,Lindy
Melissa,Lisa,Mel,Missy,Milly,Lissa
Mellony,Mellia
Melody,Lodi
Melvin,Mel
Melvina,Vina
Mercedes,Merci,Sadie,Mercy
Merv,Mervin
Mervyn,Merv
Micajah,Cage
Michael,Micky,Mike,Micah,Mick,Mikey
Micheal,Mike,Miky,Mikey
Michelle,Mickey
Mick,Micky
Mike,Micky,Mick,Michael
Mildred,Milly
Millicent,Missy,Milly
Minerva,Minnie
Minnie,Wilhelmina
Miranda,Randy,Mandy,Mira
Miriam,Mimi,Mitzi,Mitzie
Missy,Melissa
Mitch,Mitchell
Mitchell,Mitch
Mitzi,Mary,Mittie,Mitty
Mitzie,Mittie,Mitty
Monet,Nettie
Monica,Monna,Monnie
Monteleon,Monte
Montesque,Monty
Montgomery,Monty,Gum
Monty,Lamont
Morris,Morey
Mortimer,Mort
Moses,Amos,Mose,Moss
Muriel,Mur
Myrtle,Myrt,Myrti,Mert
Nadine,Nada,Deedee
Nancy,Ann,Nan,Nanny
Naomi,Omi
Napoleon,Nap,Nappy,Leon
Natalie,Natty,Nettie
Natasha,Tasha,Nat
Nathan,Nate,Nat
Nathaniel,Than,Nathan,Nate,Nat,Natty
Nelle,Nelly
Nelson,Nels
Newt,Newton
Nicholas,Nick,Claes,Claas,Nic,Nicky,Nico,Nickie
Nicodemus,Nick,Nic,Nicky,Nico,Nickie
Nicole,Nole,Nikki,Cole
Nikolas,Nick,Claes,Nic,Nicky,Nico,Nickie
Nikole,Nikki
Nora,Nonie
Norbert,Bert,Norby
Norbusamte,Norbu
Nowell,Noel
Obadiah,Dyer,Obed,Obie,Diah
Obedience,Obed,Beda,Beedy,Biddie
Obie,Obediah
Octavia,Tave,Tavia
Odell,Odo
Olive,Nollie,Livia,Ollie
Oliver,Ollie
Olivia,Nollie,Livia,Ollie
Ollie,Oliver
Onicyphorous,Cyphorus,Osaforus,Syphorous,One,Cy,Osaforum
Orilla,Rilly,Ora
Orlando,Roland
Orphelia,Phelia
Ossy,Ozzy
Oswald,Ozzy,Waldo,Ossy
Otis,Ode,Ote
Pamela,Pam
Pandora,Dora
Parmelia,Amelia,Milly,Melia
Parthenia,Teeny,Parsuny,Pasoonie,Phenie
Patience,Pat,Patty
Patricia,Tricia,Pat,Patsy,Patty,Patti
Patrick,Pate,Peter,Pat,Patsy,Paddy
Patsy,Patty
Patty,Patricia
Paul,Polly
Paula,Polly,Lina
Paulina,Polly,Lina
Pauline,Polly
Peggy,Peg
Pelegrine,Perry
Penelope,Penny
Percival,Percy
Peregrine,Perry
Permelia,Melly,Milly,Mellie
Pernetta,Nettie
Persephone,Seph,Sephy
Peter,Pete,Pate
Petronella,Nellie
Pheney,Josephine
Pheriba,Pherbia,Ferbie
Philadelphia,Delphia
Philander,Fie
Philetus,Leet,Phil
Philinda,Linda,Lynn,Lindy
Philip,Phil
Philipina,Phoebe,Penie
Phillip,Phil
Philly,Delphia
Philomena,Menaalmena
Phoebe,Fifi
Pinckney,Pink
Pleasant,Ples
Pocahontas,Pokey
Posthuma,Humey
Prescott,Scotty,Scott,Pres
Priscilla,Prissy,Cissy,Cilla
Providence,Provy
Prudence,Prue,Prudy
Prudy,Prudence
Rachel,Shelly
Rafaela,Rafa
Ramona,Mona
Randolph,Dolph,Randy
Raphael,Ralph
Ray,Raymond
Raymond,Ray
Reba,Beck,Becca
Rebecca,Beck,Becca,Reba,Becky
Reggie,Reginald,Reg
Regina,Reggie,Gina
Reginald,Reggie,Naldo,Reg,Renny
Relief,Leafa
Reuben,Rube
Reynold,Reginald
Rhoda,Rodie
Rhodella,Della
Rhyna,Rhynie
Ricardo,Rick,Ricky
Rich,Dick,Rick
Richard,Dick,Dickon,Dickie,Dicky,Rick,Rich,Ricky,Richie
Rick,Ricky
Ricky,Dick,Rich
Robert,Hob,Hobkin,Dob,Rob,Bobby,Dobbin,Bob
Roberta,Robbie,Bert,Bobbie,Birdie,Bertie
Roderick,Rod,Erick,Rickie,Roddy
Rodger,Roge,Bobby,Hodge,Rod,Robby,Rupert,Robin
Rodney,Rod
Roger,Roge,Bobby,Hodge,Rod,Robby,Rupert,Robin
Roland,Rollo,Lanny,Orlando,Rolly
Ron,Ronnie,Ronny
Ronald,Naldo,Ron,Ronny,Ronnie
Ronny,Ronald
Rosa,Rose
Rosabel,Belle,Roz,Rosa,Rose
Rosabella,Belle,Roz,Rosa,Rose
Rosalinda,Linda,Roz,Rosa,Rose
Rosalyn,Linda,Roz,Rosa,Rose
Roscoe,Ross
Rose,Rosie
Roseann,Rose,Ann,Rosie,Roz
Roseanna,Rose,Ann,Rosie,Roz
Roseanne,Ann
Rosina,Sina
Roxane,Rox,Roxie
Roxanna,Roxie,Rose,Ann
Roxanne,Roxie,Rose,Ann
Rudolph,Dolph,Rudy,Olph,Rolf
Rudolphus,Dolph,Rudy,Olph,Rolf
Russell,Russ,Rusty
Ryan,Ry
Sabrina,Brina
Safieel,Safie
Salome,Loomie
Salvador,Sal
Samantha,Sammy,Sam,Mantha
Sammy,Samuel
Sampson,Sam
Samson,Sam
Samuel,Sammy,Sam
Samyra,Myra
Sandra,Sandy,Cassandra
Sandy,Sandra
Sanford,Sandy
Sarah,Sally,Sadie
Sarilla,Silla
Savannah,Vannie,Anna
Scott,Scotty,Sceeter,Squat,Scottie
Sebastian,Sebby,Seb
Selma,Anselm
Serena,Rena
Serilla,Rilla
Seymour,See,Morey
Shaina,Sha,Shay
Sharon,Sha,Shay
Sheila,Cecilia
Sheldon,Shelly
Shelton,Tony,Shel,Shelly
Sheridan,Dan,Danny,Sher
Sheryl,Sher
Shirley,Sherry,Lee,Shirl
Sibbilla,Sybill,Sibbie,Sibbell
Sidney,Syd,Sid
Sigfired,Sid
Sigfrid,Sid
Sigismund,Sig
Silas,Si
Silence,Liley
Silvester,Vester,Si,Sly,Vest,Syl
Simeon,Si,Sion
Simon,Si,Sion
Smith,Smitty
Socrates,Crate
Solomon,Sal,Salmon,Sol,Solly,Saul,Zolly
Sondra,Dre,Sonnie
Sophia,Sophie
Sophronia,Frona,Sophia,Fronia
Stephan,Steve
Stephanie,Stephen,Stephie,Annie,Steph
Stephen,Steve,Steph
Steve,Stevie
Steven,Steve,Steph,Stevie
Stuart,Stu
Sue,Susie,Susan
Sullivan,Sully,Van
Sully,Sullivan
Susan,Hannah,Susie,Sue,Sukey,Suzie
Susannah,Hannah,Susie,Sue,Sukey
Susie,Suzie
Suzanne,Suki,Sue,Susie
Sybill,Sibbie
Sydney,Sid
Sylvanus,Sly,Syl
Sylvester,Sy,Sly,Vet,Syl,Vester,Si,Vessie
Tabby,Tabitha
Tabitha,Tabby
Tamarra,Tammy
Tanafra,Tanny
Tasha,Tash,Tashie
Ted,Teddy
Temperance,Tempy
Terence,Terry
Teresa,Terry
Terry,Terence
Tess,Teresa,Theresa
Tessa,Teresa,Theresa
Thad,Thaddeus
Thaddeus,Thad
Theo,Theodore
Theodora,Dora
Theodore,Theo,Ted,Teddy
Theodosia,Theo,Dosia,Theodosius
Theophilus,Ophi
Theotha,Otha
Theresa,Tessie,Thirza,Tessa,Terry,Tracy,Tess,Thursa
Thom,Thomas,Tommy,Tom
Thomas,Thom,Tommy,Tom
Thomasa,Tamzine
Tiffany,Tiff,Tiffy
Tilford,Tillie
Tim,Timothy,Timmy
Timmy,Timothy
Timothy,Tim,Timmy
Tina,Christina
Tobias,Bias,Toby
Tom,Thomas,Tommy
Tommy,Thomas
Tony,Anthony
Tranquilla,Trannie,Quilla
Trisha,Patricia
Trix,Trixie
Trudy,Gertrude
Tryphena,Phena
Unice,Eunice,Nicie
Uriah,Riah
Ursula,Sulie,Sula
Valentina,Felty,Vallie,Val
Valentine,Felty
Valeri,Val
Valerie,Val
Vanburen,Buren
Vandalia,Vannie
Vanessa,Essa,Vanna,Nessa
Vernisee,Nicey
Veronica,Vonnie,Ron,Ronna,Ronie,Frony,Franky,Ronnie
Vic,Vicki,Vicky
Vicki,Vicky,Victoria
Vickie,Victoria
Vicky,Victoria
Victor,Vic,Vickie,Vicky
Victoria,Torie,Vic,Vicki,Tory,Vicky
Vijay,Vij
Vincent,Vic,Vince,Vinnie,Vin,Vinny
Vincenzo,Vic,Vinnie,Vin,Vinny,Vince
Vinson,Vinny,Vinnie,Vin
Viola,Ola,Vi
Violetta,Lettie
Virginia,Jane,Jennie,Ginny,Virgy,Ginger
Vivian,Vi,Viv
Waldo,Ozzy,Ossy
Wallace,Wally
Wally,Walt
Walter,Wally,Walt
Washington,Wash
Webster,Webb
Wendy,Wen
Wesley,Wes
Westley,West,Wes,Farmboy
Wilber,Will,Bert
Wilbur,Willy,Willie
Wilda,Willie
Wilfred,Will,Willie,Fred,Wil
Wilhelm,Wil,Willie
Wilhelmina,Mina,Wilma,Willie,Minnie
Will,Bill,Willie,Wilbur,Fred
William,Willy,Bell,Bela,Bill,Will,Billy,Willie,Wil
Willie,William,Fred
Willis,Willy,Bill
Wilma,William,Billiewilhelm
Wilson,Will,Willy,Willie
Winfield,Field,Winny,Win
Winifred,Freddie,Winnie,Winnet
Winnie,Winnifred
Winnifred,Freddie,Freddy,Winny,Winnie,Fred
Winny,Winnifred
Winton,Wint
Woodrow,Woody,Wood,Drew
Yeona,Onie,Ona
Yoshihiko,Yoshi
Yulan,Lan,Yul
Yvonne,Vonna
Zach,Zachariah
Zachariah,Zachy,Zach,Zeke,Zac,Zack,Zak,Zakk
Zachary,Zachy,Zach,Zeke,Zac,Zack,Zak,Zakk
Zachery,Zachy,Zach,Zeke,Zac,Zack,Zak,Zakk
Zebedee,Zeb
Zedediah,Dyer,Zed,Diah
Zephaniah,Zeph
