first name;middle name;last name;nickname;email;password;home address;date of birth
Andy;Percy;Elliot;Ando;123andyelliot@gmail.com;password123;108 Albert Road, Ilam, Christchurch 8041, Canterbury, New Zealand;1987-04-12
Henry;Andy;Bryson;Harry;harry@webmail.com;goodpassword;50 Buchanan Street, Ilam, Christchurch 8041, Canterbury, New Zealand;1974-10-30
Kirsty;Annabel;Williams;Big K;catsarecool@gmail.com;biggestcatlover;18 Chestnut Crescent, Ilam, Christchurch 8041, Canterbury, New Zealand;1995-06-02
Mildred;Rachel;Mcdonald;Millie;mildred.mcdonald@vodafone.co.nz;mildredmcdonald123;7 Mowbray Street, Ilam, Christchurch 8041, Canterbury, New Zealand;2001-05-13
Carlos;Tom;Defoe;Carl;carl@gmail.com;carl1234;49 Dunders Street, Ilam, Christchurch 8041, Canterbury, New Zealand;2006-01-26
Edith;Petra;Robinson;Eddy;eddy.robinson@outlook.com;edithrobinson123;66 Edgeware Road, Ilam, Christchurch 8041, Canterbury, New Zealand;1983-12-03
Donna;Anna;Frank;Nana;donna-frank@hotmail.com;francesfrank123;71 Ferrymead Road, Ilam, Christchurch 8041, Canterbury, New Zealand;1998-07-16
Andy;Peter;Graham;Jerry;andy.graham@gmail.com;georgegraham123;13 Gordon Ave, Ilam, Christchurch 8041, Canterbury, New Zealand;2002-03-19