first name|middle name|last name|nickname|email|password|home address|date of birth|bio
Andy|Percy|Elliot|Ando|123andyelliot@gmail.com|password123|4,Rountree Street,Ashburton,Christchurch,New Zealand,Canterbury,8041|2006-01-01|Hey, it's Andy
Henry|Andy|Bryson|Harry|harry@gmail.com|good7password|4,Rountree Street,Ashburton,Christchurch,New Zealand,Canterbury,8041|2003-02-02|Hey, it's Henry
Kirsty|Andy|Williams|Big K|catsarecool@gmail.com|bigg3stcatlov3r|4,Rountree Street,Ashburton,Christchurch,New Zealand,Canterbury,8041|2002-03-03|Hey, it's Kirsty
Mildred|Rachel|Mcdonald|Millie|mildred.mcdonald@gmail.com|mildredmcdonald123|4,Rountree Street,Ashburton,Christchurch,New Zealand,Canterbury,8041|2000-01-01|Hey, it's Mildred
Carl|Karl|Defoe|Andy|carl@gmail.com|carl1234|4,Rountree Street,Ashburton,Christchurch,New Zealand,Canterbury,8041|2000-01-01|Hey, it's Carl
Edith|Petra|Andy|Eddy|andy.robinson@gmail.com|edithrobinson123|4,Rountree Street,Ashburton,Christchurch,New Zealand,Canterbury,8041|2000-01-01|Hey, it's Edith
Donna|Andy|Frank|Nana|donna-frank@gmail.com|francesfrank123|4,Rountree Street,Ashburton,Christchurch,New Zealand,Canterbury,8041|2000-01-01|Hey, it's Donna
Andy|Peter|Graham|Jerry|andy.graham@gmail.com|georgegraham123|4,Rountree Street,Ashburton,Christchurch,New Zealand,Canterbury,8041|2000-01-01|Hey, it's the other Andy